"Qty";"Value";"Device";"Package";"Parts";"Description";"DIGIKEY";"FARNELL";"HEIGHT";"MANUFACTURER";"POWER";"PRICE_PER";"STOCK";"TEMP_CO";"TME";"TOLERANCE";"VALUE";"VOLTAGE";
"37";"0.1uF 10V";"0402ZC104KAT2A";"0402";"C9, C10, C11, C15, C16, C17, C23, C25, C27, C29, C31, C35, C60, C62, C67, C72, C79, C81, C86, C110, C134, C135, C136, C158, C165, C167, C236, C237, C238, C239, C240, C241, C242, C243, C244, C245, C261";"100000 10V 0.1µF ±10% X7R 0402";"478-7891-1-ND";"";"-";"AVX Corporation";"";"0.07000";"639";"X7R";"";"±10%";"0.1uF 10V";"10V";
"35";"0.1uF 10V";"0402ZD104KAT2A";"0402";"C2, C4, C6, C171, C173, C175, C177, C179, C183, C185, C187, C189, C191, C193, C195, C197, C199, C203, C205, C207, C209, C211, C215, C216, C217, C218, C220, C221, C224, C226, C228, C230, C232, C234, C246";"100000 10V 0.1µF ±10% X5R 0402";"478-1129-1-ND";"";"-";"AVX Corporation";"";"0.07000";"7866945";"X5R";"";"±10%";"0.1uF 10V";"10V";
"7";"0.1uF 10V";"0603ZC104KAT2A";"0603";"C34, C47, C48, C50, C54, C137, C265";"100000 10V 0.1µF ±10% X7R 0603";"478-7939-1-ND";"";"-";"AVX Corporation";"";"0.09000";"914";"X7R";"";"±10%";"0.1uF 10V";"10V";
"2";"0.1uF 10V";"C0402C104K8RAC7411";"0402";"C162, C163";"100000 10V 0.1µF ±10% X7R 0402";"399-C0402C104K8RAC7411CT-ND";"";"-";"KEMET";"";"0.07000";"25280";"X7R";"";"±10%";"0.1uF 10V";"10V";
"15";"0.1uF 16V";"0402YC104KAT2A";"0402";"C74, C75, C76, C77, C82, C83, C85, C116, C120, C124, C129, C133, C138, C139, C140";"100000 16V 0.1µF ±10% X7R 0402";"478-7888-1-ND";"";"-";"AVX Corporation";"";"0.07000";"386465";"X7R";"";"±10%";"0.1uF 16V";"16V";
"1";"0.1uF 16V";"C0603C104J4RAC7013";"0603";"C102";"100000 16V 0.1µF ±5% X7R 0603";"399-17571-1-ND";"";"-";"KEMET";"";"0.14000";"20437";"X7R";"";"±5%";"0.1uF 16V";"16V";
"1";"0.1uF 25V";"04023C104KAT2A";"0402";"C257";"100000 25V 0.1µF ±10% X7R 0402";"478-7868-1-ND";"";"-";"AVX Corporation";"";"0.07000";"973587";"X7R";"";"±10%";"0.1uF 25V";"25V";
"1";"0.22uF 16V";"0402YD224KAT2A";"0402";"C121";"220000 16V 0.22µF ±10% X5R 0402";"478-0402YD224KAT2ACT-ND";"";"-";"AVX Corporation";"";"0.12000";"11388";"X5R";"";"±10%";"0.22uF 16V";"16V";
"1";"0R";"CRCW06030000Z0EA";"0603";"R119";"0 0R 0603 0.1W thick film resistor";"541-0.0GCT-ND";"";"0.5";"";"";"0.08";"";"";"";"";"0R";"";
"2";"0R01";"CRF1206-FZ-R010ELF";"1206";"R29, R40";"0.01 0.01R 1206 1W 1% current sense resistor.";"CRF1206-FZ-R010ELFCT-ND";"";"0.65";"";"";"0.42";"";"";"";"";"0R01";"";
"1";"0R25 1W";"WSLT2010R2500FEB18";"2010";"R41";"0.25 0R25 2010 1W 1% current sense resistor";"WSLTA-.250CT-ND";"";"";"";"";"0.75";"";"";"";"";"0R25 1W";"";
"1";"1.0M";"ERJ3EKF1004V";"0603";"R93";"1000000 1.0M 0603 0.1W 1% thick film resistor.";"P1.00MHCT-ND";"";"";"";"";"0.10000";"";"";"";"";"1.0M";"";
"6";"1.0k";"ERJ-2RKF1001X";"0402";"R140, R141, R142, R145, R146, R152";"1000 1k0 0402 0.1W 1% thick film resistor.";"P1.00KLCT-ND";"";"0.4";"";"";"0.07";"";"";"";"";"1.0k";"";
"1";"1.0k";"ERJ3EKF1001V";"0603";"R56";"1000 1.0k 0603 0.1W 1% thick film resistor.";"P1.00KHCT-ND";"";"";"";"";"0.10000";"";"";"";"";"1.0k";"";
"1";"1.5uH 3.6A";"SRN5040-1R5Y";"SRN5040";"L4";"1.5 µH Semi-Shielded Drum Core, Wirewound Inductor 3.6 A 18mOhm Max Nonstandard";"SRN5040-1R5YCT-ND";"";"4";"";"";"0.46";"";"";"";"";"1.5uH 3.6A";"";
"5";"10000pF 16V";"C0402C103J4RACTU";"0402";"C13, C19, C64, C70, C131";"10000 16V 10000pF ±5% X7R 0402";"399-1039-1-ND";"";"-";"KEMET";"";"0.07000";"29486";"X7R";"";"±5%";"10000pF 16V";"16V";
"1";"1000pF 10V";"C0402C102J8GAC7867";"0402";"C157";"1000 10V 1000pF ±5% C0G, NP0 0402";"399-14868-1-ND";"";"-";"KEMET";"";"0.22000";"452";"C0G, NP0";"";"±5%";"1000pF 10V";"10V";
"1";"10067847-001RLF";"10067847-001RLF";"10067847-001RLF_AMP";"CN2";"12 (9 + 3) Position Card Connector Secure Digital - SD Surface Mount Gold";"609-3956-1-ND";"";"3";"";"";"1.74";"";"";"";"";"10067847-001RLF";"";
"1";"100k";"CRCW0603100KFKEB";"0603";"R121";"100000 ±1% 100k Thick Film 0.1W, 1/10W 0603";"541-2972-1-ND";"";"1";"Vishay Dale";"0.1W, 1/10W";"0.07000";"201";"";"";"±1%";"100k";"";
"14";"100k";"ERJ-2RKF1003X";"0402";"R153, R154, R155, R156, R157, R158, R159, R160, R161, R162, R163, R164, R165, R166";"100000 100k 0402 0.1W 1% thick film resistor.";"P100KLCT-ND";"";"0.4";"";"";"0.07";"";"";"";"";"100k";"";
"1";"100k";"ERJ3EKF1003V";"0603";"R57";"100000 100k 0603 0.1W 1% thick film resistor.";"P100KHCT-ND";"";"";"";"";"0.10000";"";"";"";"";"100k";"";
"3";"100nF 16V";"CL10B104KO8WPNC";"0603";"C30, C32, C40";"100nF 16V X7R 10% 0603 MLCC";"1276-6582-1-ND";"";"1";"";"";"0.08";"";"";"";"";"100nF 16V";"";
"15";"10k";"CRCW060310K0FKTA";"0603";"R4, R10, R16, R22, R36, R44, R50, R53, R54, R75, R94, R106, R107, R122, R135";"10000 ±1% 10k Thick Film 0.1W, 1/10W 0603";"541-2980-1-ND";"";"1";"Vishay Dale";"0.1W, 1/10W";"0.12000";"50797";"";"";"±1%";"10k";"";
"68";"10k";"ERJ-2RKF1002X";"0402";"R1, R2, R3, R7, R8, R9, R13, R14, R15, R19, R20, R21, R25, R26, R27, R28, R35, R60, R61, R62, R63, R64, R65, R66, R67, R68, R69, R70, R71, R73, R74, R78, R81, R82, R87, R88, R89, R90, R91, R97, R99, R100, R101, R102, R103, R104, R105, R111, R112, R113, R114, R115, R116, R117, R118, R123, R124, R125, R126, R127, R128, R129, R130, R131, R132, R133, R134, R138";"10000 10k 0402 0.1W 1% thick film resistor.";"P10.0KLCT-ND";"";"0.4";"";"";"0.07";"";"";"";"";"10k";"";
"3";"10k";"ERJ3EKF1002V";"0603";"R39, R48, R49";"10000 10k 0603 0.1W 1% thick film resistor.";"P10.0KHCT-ND";"";"";"";"";"0.10000";"";"";"";"";"10k";"";
"1";"10nF 250V";"885342206006";"0603";"C24";"10nF 250V X7R 10% 0603 MLCC.";"732-12168-1-ND";"";"1";"";"";"0.09";"";"";"";"";"10nF 250V";"";
"2";"10nF 50V";"CL10B103KB8NCNC";"0603";"C28, C41";"10nF 50V X7R 10% 0603 MLCC.";"1276-1921-1-ND";"";"1";"";"";"0.08";"";"";"";"";"10nF 50V";"";
"9";"10uF 10V";"0603ZD106KAT2A";"0603";"C49, C53, C84, C114, C118, C123, C151, C264, C267";"10000000 10V 10µF ±10% X5R 0603";"478-10766-1-ND";"";"-";"AVX Corporation";"";"0.07000";"38645";"X5R";"";"±10%";"10uF 10V";"10V";
"3";"10uF 10V";"C1206C106K8PACTU";"1206";"C103, C270, C271";"10000000 10V 10µF ±10% X5R 1206";"399-8152-1-ND";"";"-";"KEMET";"";"0.26000";"8489";"X5R";"";"±10%";"10uF 10V";"10V";
"1";"10uF 10V";"GRM188R61A106KE69D";"0603";"C164";"10uF 10V X5R 10% 0603 MLCC.";"490-10474-1-ND";"";"0.95";"";"";"0.17";"";"";"";"";"10uF 10V";"";
"1";"10uF 25V";"C1206C106K3PACTU";"1206";"C20";"10000000 25V 10µF ±10% X5R 1206";"399-6784-1-ND";"";"-";"KEMET";"";"0.28000";"138";"X5R";"";"±10%";"10uF 25V";"25V";
"1";"10uH";"SRN6045-100M";"SRN6045";"L8";"BOURNS  SRN6045-100M  Surface Mount Power Inductor, SRN6045 Series, 10 µH, 2.5 A, 3 A, Shielded, 0.0586 ohm";" SRN6045-100MCT-ND";"";"5";"";"";"0.45";"";"";"";"";"10uH";"";
"1";"12.4k";"CRCW060312K4FKEB";"0603";"R108";"12400 ±1% 12.4k Thick Film 0.1W, 1/10W 0603";"541-CRCW060312K4FKEBCT-ND";"";"1";"Vishay Dale";"0.1W, 1/10W";"0.07000";"26477";"";"";"±1%";"12.4k";"";
"4";"120";"ERJ-2RKF1200X";"0402";"R59, R79, R80, R98";"120 120 0402 0.1W 1% thick film resistor.";"P120LCT-ND";"";"0.4";"";"";"0.07";"";"";"";"";"120";"";
"1";"128x64 White OLED";"DEP_128064S-W";"DEP_128064S";"SCR1";"";"";"";"2.15";"";"";"14.18";"";"";"DEP128064S-W";"";"128x64 White OLED";"";
"1";"12k";"CRCW060312K0FKEA";"0603";"R23";"12000 12k0 0603 0.1W 1% thick film resistor.";"";"1652834";"0.5";"";"";"0.0095";"";"";"";"";"12k";"";
"1";"13.3k";"CRCW060313K3FKEA";"0603";"R84";"13300 ±1% 13.3k Thick Film 0.1W, 1/10W 0603";"541-13.3KHCT-ND";"";"1";"Vishay Dale";"0.1W, 1/10W";"0.07000";"19873";"";"";"±1%";"13.3k";"";
"1";"13k";"CRCW060313K0FKEA";"0603";"R136";"13000 ±1% 13k Thick Film 0.1W, 1/10W 0603";"541-13.0KHCT-ND";"";"1";"Vishay Dale";"0.1W, 1/10W";"0.07000";"197";"";"";"±1%";"13k";"";
"1";"150R 100MHz";"ILB1206ER151V";"1206";"FB2";"Ferrite bead, 100MHz, 150R, 0.8A, 1206";"541-2281-1-ND";"";"1.5";"";"";"0.14";"";"";"";"";"150R 100MHz";"";
"1";"158k";"CRCW0603158KFKEA";"0603";"R43";"158000 ±1% 158k Thick Film 0.1W, 1/10W 0603";"541-158KHCT-ND";"";"1";"Vishay Dale";"0.1W, 1/10W";"0.07000";"322";"";"";"±1%";"158k";"";
"1";"15PIN 0.5MM";"SFV15R-1STE1HLF";"SFV15R-1STE1HLF";"CN5";"15 Position FFC, FPC Connector Contacts, Bottom 0.020" (0.50mm) Surface Mount, Right Angle";"609-4311-1-ND";"";"1.8";"";"";"0.46";"";"";"";"";"15PIN 0.5MM";"";
"1";"15k";"CRCW060315K0FKEA";"0603";"R137";"15000 ±1% 15k Thick Film 0.1W, 1/10W 0603";"541-15.0KHCT-ND";"";"1";"Vishay Dale";"0.1W, 1/10W";"0.07000";"490";"";"";"±1%";"15k";"";
"2";"15k";"CRCW060315K0FKEB";"0603";"R5, R11";"15000 ±1% 15k Thick Film 0.1W, 1/10W 0603";"541-CRCW060315K0FKEBCT-ND";"";"1";"Vishay Dale";"0.1W, 1/10W";"0.07000";"2493";"";"";"±1%";"15k";"";
"1";"15uH 0.22R";"1231AS-H-150M=P3";"DEM3518C";"L9";"15µH Shielded Wirewound Inductor 1.1A 222 mOhm Max Nonstandard";"490-14188-1-ND";"";"1.8";"";"";"0.49";"";"";"";"";"15uH 0.22R";"";
"1";"16Mx32 SDRAM";"IS42S32160F-7BLI";"TFBGA90";"U2";"SDRAM Memory IC 512Mbit Parallel 143 MHz 5.4 ns 90-TFBGA (8x13)";"706-1365-ND";"";"2";"";"";"12.74";"";"";"";"";"16Mx32 SDRAM";"";
"1";"1M";"CRCW06031M00FKEC";"0603";"R95";"1000000 ±1% 1M Thick Film 0.1W, 1/10W 0603";"541-2990-1-ND";"";"1";"Vishay Dale";"0.1W, 1/10W";"0.07000";"7867";"";"";"±1%";"1M";"";
"20";"1MM_TEST_POINT";"1MM_TEST_POINT";"1MM_TEST_PAD";"TP1, TP2, TP3, TP4, TP54, TP72, TP87, TP88, TP89, TP90, TP91, TP95, TP96, TP97, TP98, TP99, TP100, TP101, TP102, TP103";"A 1mm round pad for test purposes.";"";"";"";"";"";"";"";"";"";"";"";"";
"1";"1k";"CRCW06031K00FKTA";"0603";"R45";"1000 ±1% 1k Thick Film 0.1W, 1/10W 0603";"541-2987-1-ND";"";"1";"Vishay Dale";"0.1W, 1/10W";"0.12000";"50500";"";"";"±1%";"1k";"";
"1";"1nF 50V";"CL10B102KB8NNNC";"0603";"C22";"1nF 50V X7R 10% 0603 MLCC.";"1276-1018-1-ND";"";"1";"";"";"0.08";"";"";"";"";"1nF 50V";"";
"14";"1uF 10V";"C0402C105K8PAC7411";"0402";"C88, C91, C92, C94, C95, C96, C97, C98, C99, C160, C161, C168, C169, C186";"1000000 10V 1µF ±10% X5R 0402";"399-C0402C105K8PAC7411CT-ND";"";"-";"KEMET";"";"0.09000";"35150";"X5R";"";"±10%";"1uF 10V";"10V";
"2";"1uF 10V";"C0603C105K8PAC7411";"0603";"C253, C254";"1000000 10V 1µF ±10% X5R 0603";"399-C0603C105K8PAC7411CT-ND";"";"-";"KEMET";"";"0.07000";"62495";"X5R";"";"±10%";"1uF 10V";"10V";
"6";"1uF 25V";"CL10A105KA8NNNC";"0603";"C33, C55, C56, C57, C154, C247";"1uF 25V X5R 10% 0603 MLCC.";"1276-1102-1-ND";"";"1";"";"";"0.08";"";"";"";"";"1uF 25V";"";
"4";"1uF 50V";"06035D105KAT2A";"0603";"C45, C143, C170, C258";"1000000 50V 1µF ±10% X5R 0603";"478-10067-1-ND";"";"-";"AVX Corporation";"";"0.45000";"627";"X5R";"";"±10%";"1uF 50V";"50V";
"1";"1uH ";"CIGT252010EH1R0MNE";"1008";"L3";"1 µH Unshielded Thin Film Inductor 4.1 A 30mOhm Max 1008 (2520 Metric) -";"1276-6929-1-ND";"";"1";"";"";"0.19";"";"";"";"";"1uH ";"";
"4";"2.2uF 10V";"0402ZD225KAT2A";"0402";"C87, C89, C93, C256";"2200000 10V 2.2µF ±10% X5R 0402";"478-10072-1-ND";"";"-";"AVX Corporation";"";"0.30000";"3790";"X5R";"";"±10%";"2.2uF 10V";"10V";
"4";"2.2uF 10V";"CL10A225KP8NNNC";"0603";"C46, C144, C184, C259";"2200000 10V 2.2µF ±10% X5R 0603";"1276-1085-1-ND";"";"-";"Samsung Electro-Mechanics";"";"0.07000";"1580888";"X5R";"";"±10%";"2.2uF 10V";"10V";
"3";"2.2uF 10V";"CL10B225KP8NFNC";"0603";"C145, C150, C248";"2200000 10V 2.2µF ±10% X7R 0603";"1276-2016-1-ND";"";"-";"Samsung Electro-Mechanics";"";"0.09000";"44920";"X7R";"";"±10%";"2.2uF 10V";"10V";
"19";"2.2uF 6.3V";"C0402C225K9PAC7867";"0402";"C73, C100, C101, C104, C105, C106, C107, C108, C113, C117, C122, C125, C155, C156, C196, C198, C200, C255, C260";"2200000 6.3V 2.2µF ±10% X5R 0402";"399-11617-1-ND";"";"-";"KEMET";"";"0.15000";"32394";"X5R";"";"±10%";"2.2uF 6.3V";"6.3V";
"1";"2.2uH 1.3A";"CIG22L2R2MNE";"2520";"L11";"2.2µH Shielded Multilayer Inductor 1.3A 80 mOhm 1008 (2520 Metric)";"1276-6211-1-ND";"";"1";"";"";"0.13";"";"";"";"";"2.2uH 1.3A";"";
"1";"20V TVS";"SMAJ20CA-E3/61";"DO214AC";"D2";"32.4V Clamp 12.3A Ipp Tvs Diode Surface Mount DO-214AC (SMA)";"SMAJ20CA-E3/61GICT-ND";"";"2.5";"";"";"0.29";"";"";"";"";"20V TVS";"";
"2";"20k";"ERJ3EKF2002V";"0603";"R30, R32";"20000 20k 0603 0.1W 1% thick film resistor.";"P20.0KHCT-ND";"";"";"";"";"0.10000";"";"";"";"";"20k";"";
"1";"2200pF 25V";"C0402C222J3GEC7411";"0402";"C166";"2200 25V 2200pF ±5% C0G, NP0 0402";"399-C0402C222J3GEC7411CT-ND";"";"-";"KEMET";"";"0.12000";"33455";"C0G, NP0";"";"±5%";"2200pF 25V";"25V";
"1";"22R";"EXB-38V220JV";"1206_ARRAY";"R96";"22 22R 1206 0.0625W 1% 4x RESISTOR ARRAY";"Y9220CT-ND";"";"0.4";"";"";"0.07";"";"";"";"";"22R";"";
"1";"22k";"ERJ3EKF2202V";"0603";"R58";"22000 22k 0603 0.1W 1% thick film resistor.";"P22.0KHCT-ND";"";"";"";"";"0.10000";"";"";"";"";"22k";"";
"7";"22uF 10V";"1206ZD226KAT2A";"1206";"C38, C44, C146, C148, C152, C249, C251";"22000000 10V 22µF ±10% X5R 1206";"478-12252-1-ND";"";"-";"AVX Corporation";"";"0.49000";"2000";"X5R";"";"±10%";"22uF 10V";"10V";
"10";"22uF 6.3V";"12066D226KAT2A";"1206";"C51, C52, C58, C59, C115, C119, C141, C142, C266, C269";"22000000 6.3V 22µF ±10% X5R 1206";"478-1576-1-ND";"";"-";"AVX Corporation";"";"0.39000";"1951";"X5R";"";"±10%";"22uF 6.3V";"6.3V";
"14";"22uF 6.3V";"C1206C226K9PACTU";"1206";"C8, C147, C149, C181, C182, C201, C202, C213, C214, C223, C229, C250, C252, C268";"22000000 6.3V 22µF ±10% X5R 1206";"399-3229-1-ND";"";"-";"KEMET";"";"0.42000";"10145";"X5R";"";"±10%";"22uF 6.3V";"6.3V";
"1";"25MHz";"TSX-322525.0000MF10P-C0";"3.2X2.5SMD";"XTAL1";"Crystal, 25 MHz, SMD, 3.2mm x 2.5mm, 30 ppm, 18 pF, 20 ppm, QC3CA Series";"SER4211CT-ND";"";"1";"";"";"0.29";"";"";"";"";"25MHz";"";
"1";"26.7k";"CRCW060326K7FKEB";"0603";"R85";"26700 ±1% 26.7k Thick Film 0.1W, 1/10W 0603";"541-CRCW060326K7FKEBCT-ND";"";"1";"Vishay Dale";"0.1W, 1/10W";"0.07000";"19647";"";"";"±1%";"26.7k";"";
"1";"27.4k";"CRCW060327K4FKTA";"0603";"R72";"27400 ±1% 27.4k Thick Film 0.1W, 1/10W 0603";"541-CRCW060327K4FKTACT-ND";"";"1";"Vishay Dale";"0.1W, 1/10W";"0.12000";"2192";"";"";"±1%";"27.4k";"";
"3";"2N7002";"2N7002P,215";"SOT23-3";"Q1, Q3, Q4";"N-Channel 60V 360mA (Ta) 350mW (Ta) Surface Mount TO-236AB (SOT23)";"1727-4692-1-ND";"";"1";"";"";"0.15";"";"";"";"";"2N7002";"";
"3";"2k";"CRCW06032K00FKTA";"0603";"R24, R46, R86";"2000 ±1% 2k Thick Film 0.1W, 1/10W 0603";"541-2995-1-ND";"";"1";"Vishay Dale";"0.1W, 1/10W";"0.12000";"6";"";"";"±1%";"2k";"";
"2";"3.3uH 3.3A";"SRN5040-3R3M";"SRN5040";"L6, L7";"BOURNS SRN5040-3R3M  Surface Mount Power Inductor, SRN5040 Series, 3.3 µH, ± 20%, Semishielded, 0.027 ohm, 3.3 A";"SRN5040-3R3MCT-ND";"";"4";"";"";"0.36";"";"";"";"";"3.3uH 3.3A";"";
"1";"3.9k";"CRCW06033K90FKEA";"0603";"R120";"3900 ±1% 3.9k Thick Film 0.1W, 1/10W 0603";"541-3.90KHCT-ND";"";"1";"Vishay Dale";"0.1W, 1/10W";"0.07000";"5";"";"";"±1%";"3.9k";"";
"2";"30.1k";"CRCW060330K1FKEA";"0603";"R42, R47";"30100 ±1% 30.1k Thick Film 0.1W, 1/10W 0603";"541-30.1KHCT-ND";"";"1";"Vishay Dale";"0.1W, 1/10W";"0.07000";"24850";"";"";"±1%";"30.1k";"";
"1";"31 PIN FPC";"3-1734839-1";"3-1734839-1";"CN6";"31 Position FPC Connector Contacts, Top 0.020" (0.50mm) Surface Mount, Right Angle";"A101346CT-ND";"";"2.05";"";"";"1.37";"";"";"";"";"31 PIN FPC";"";
"1";"33MHz";"KC2016Z33.0000C15XXK";"KC2016Z";"OSC1";"33 MHz XO (Standard) CMOS Oscillator 1.71V ~ 3.63V Standby (Power Down) 4-SMD, No Lead";"478-KC2016Z33.0000C15XXKCT-ND";"";"0.8";"";"";"0.98";"";"";"";"";"33MHz";"";
"4";"33R";"ERJ3EKF33R0V";"0603";"R33, R34, R37, R38";"33 33R 0603 0.1W 1% thick film resistor.";"P33.0HCT-ND";"";"";"";"";"0.10000";"";"";"";"";"33R";"";
"3";"33k";"CRCW060333K0FKEA";"0603";"R51, R55, R76";"33000 33k0 0603 0.1W 1% thick film resistor.";"";"1469801";"0.5";"";"";"0.0078";"";"";"";"";"33k";"";
"1";"33k";"ERJ3EKF3302V";"0603";"R31";"33000 33k 0603 0.1W 1% thick film resistor.";"P33.0KHCT-ND";"";"";"";"";"0.10000";"";"";"";"";"33k";"";
"1";"36k";"CRCW060336K0FKEA";"0603";"R18";"36000 ±1% 36k Thick Film 0.1W, 1/10W 0603";"541-36.0KHCT-ND";"";"1";"Vishay Dale";"0.1W, 1/10W";"0.07000";"961";"";"";"±1%";"36k";"";
"2";"4.7k";"ERJ-2RHD4701X";"0402";"R109, R110";"4700 4k7 0402 0.1W 1% thick film resistor.";"ERJ-2RHD4701X-ND";"";"0.4";"";"";"0.07";"";"";"";"";"4.7k";"";
"10";"4.7uF 10V";"CL10A475KP8NNNC";"0603";"C12, C14, C18, C36, C63, C65, C69, C71, C130, C132";"4700000 10V 4.7µF ±10% X5R 0603";"1276-1044-1-ND";"";"-";"Samsung Electro-Mechanics";"";"0.07000";"606937";"X5R";"";"±10%";"4.7uF 10V";"10V";
"33";"4.7uF 6.3V";"04026D475KAT2A";"0402";"C1, C3, C5, C7, C61, C66, C68, C78, C80, C109, C126, C127, C128, C172, C174, C176, C178, C180, C188, C190, C192, C194, C204, C206, C208, C210, C212, C222, C225, C227, C231, C233, C235";"4700000 6.3V 4.7µF ±10% X5R 0402";"478-10669-1-ND";"";"-";"AVX Corporation";"";"0.26000";"39486";"X5R";"";"±10%";"4.7uF 6.3V";"6.3V";
"1";"4.7uF 6.3V";"06036D475KAT4A";"0603";"C90";"4700000 6.3V 4.7µF ±10% X5R 0603";"478-10813-1-ND";"";"-";"AVX Corporation";"";"0.12000";"63871";"X5R";"";"±10%";"4.7uF 6.3V";"6.3V";
"1";"4.7uF 6.3V";"GRM188R60J475ME19D";"0603";"C219";"4.7uF 6.3V X5R 10% 0603 MLCC.";"";"2362095";"1";"";"";"0.0414";"";"";"";"";"4.7uF 6.3V";"";
"1";"4.7uH";"SRN6045TA-4R7M";"SRN6045";"L5";"Surface Mount Power Inductor, AEC-Q200, SRN6045TA Series, 4.7 µH, 4.5 A, 6.8 A, Semishielded";"SRN6045TA-4R7MCT-ND";"";"5";"";"";"0.44";"";"";"";"";"4.7uH";"";
"1";"4.7uH";"SRP1265C-4R7M";"SRP1265A";"L1";"4.7 µH Shielded Inductor 20 A 9.5mOhm Max Nonstandard";"";"118-SRP1265C-4R7MCT-ND";"6.5";"";"";"1.21";"";"";"";"";"4.7uH";"";
"2";"47nF 16V";"CL10B473KO8NNNC";"0603";"C37, C39";"47nF 16V X7R 10% 0603 MLCC.";"1276-2079-1-ND";"";"1";"";"";"0.08";"";"";"";"";"47nF 16V";"";
"4";"47uF 25V";"C3216X5R1E476M160AC";"1206";"C21, C26, C42, C43";"47uF 25V X5R 10% 1206 MLCC";"445-8047-1-ND";"";"1.8";"";"";"1.00";"";"";"";"";"47uF 25V";"";
"1";"50 PIN 0.5MM ";"FH52E-50S-0.5SH";"FH52E-50S-0.5SH";"CN1";"50 Position FFC, FPC Connector Contacts, Bottom 0.020" (0.50mm) Surface Mount, Right Angle";"H124735DKR-ND";"";"2";"";"";"4.28";"";"";"";"";"50 PIN 0.5MM ";"";
"1";"56.2k";"CRCW060356K2FKTA";"0603";"R83";"56200 ±1% 56.2k Thick Film 0.1W, 1/10W 0603";"541-CRCW060356K2FKTACT-ND";"";"1";"Vishay Dale";"0.1W, 1/10W";"0.12000";"305";"";"";"±1%";"56.2k";"";
"1";"5V";"DESD5V0U1BA-7";"SOD-323";"D11";"7.2V (Typ) Clamp 3A (8/20µs) Ipp Tvs Diode Surface Mount SOD-323";"";"DESD5V0U1BA-7DICT-ND";"1";"";"";"0.2";"";"";"";"";"5V";"";
"1";"6.2k";"CRCW06036K20FKEA";"0603";"R17";"6200 ±1% 6.2k Thick Film 0.1W, 1/10W 0603";"541-6.20KHCT-ND";"";"1";"Vishay Dale";"0.1W, 1/10W";"0.07000";"1937";"";"";"±1%";"6.2k";"";
"2";"6.8pF 25V";"04023A6R8CAT2A";"0402";"C111, C112";"6 25V 6.8pF ±0.25pF C0G, NP0 0402";"478-12617-1-ND";"";"-";"AVX Corporation";"";"0.22000";"25216";"C0G, NP0";"";"±0.25pF";"6.8pF 25V";"25V";
"1";"6.8uH 3.6A";"SRN6045TA-6R8M";"SRN6045";"L2";"6.8 µH Semi-Shielded Drum Core, Wirewound Inductor 3.6 A 34mOhm Nonstandard";"SRN6045TA-6R8MCT-ND";"";"5";"";"";"0.56";"";"";"";"";"6.8uH 3.6A";"";
"1";"632723300011";"632723300011";"CONN_632723X0001_WRE";"CN3";"USB-C (USB TYPE-C) USB 3.2 Gen 2 (USB 3.1 Gen 2, Superspeed + (USB 3.1)) Receptacle Connector 24 Position Surface Mount, Right Angle; Through Hole";"732-9618-1-ND";"";"3";"";"";"3.81";"";"";"";"";"632723300011";"";
"2";"68k";"CRCW060368K0FKEA";"0603";"R6, R77";"68000 ±1% 68k Thick Film 0.1W, 1/10W 0603";"541-68.0KHCT-ND";"";"1";"Vishay Dale";"0.1W, 1/10W";"0.07000";"14428";"";"";"±1%";"68k";"";
"1";"68k";"ERJ3EKF6802V";"0603";"R92";"68000 68k 0603 0.1W 1% thick film resistor.";"P68.0KHCT-ND";"";"";"";"";"0.10000";"";"";"";"";"68k";"";
"4";"6mm x 3mm";"MOUNTHOLE";"MOUNTHOLE_6X3";"MECH5, MECH6, MECH7, MECH8";"Mechanical mounting hole.";"";"";"";"";"";"";"";"";"";"";"6mm x 3mm";"";
"1";"7.5k";"CRCW06037K50FKTA";"0603";"R52";"7500 ±1% 7.5k Thick Film 0.1W, 1/10W 0603";"541-CRCW06037K50FKTACT-ND";"";"1";"Vishay Dale";"0.1W, 1/10W";"0.12000";"1551";"";"";"±1%";"7.5k";"";
"1";"75k";"CRCW060375K0FKEB";"0603";"R12";"75000 ±1% 75k Thick Film 0.1W, 1/10W 0603";"541-CRCW060375K0FKEBCT-ND";"";"1";"Vishay Dale";"0.1W, 1/10W";"0.07000";"23735";"";"";"±1%";"75k";"";
"1";"820pF 25V";"C0402H821J3GACT1K0";"0402";"C153";"820 25V 820pF ±5% C0G, NP0 0402";"399-16030-1-ND";"";"-";"KEMET";"";"0.73000";"1000";"C0G, NP0";"";"±5%";"820pF 25V";"25V";
"1";"ACT2861";"ACT2861";"QFN32-ACT2861";"U7";"30V Buck-Boost Charger with Integrated MOSFETs and OTG";"1488-1114-1-ND";"";"1";"";"";"2.76";"";"";"";"";"ACT2861";"";
"4";"AP62301";"AP62301Z6-7";"SOT563-6";"U17, U18, U26, U39";"Buck Switching Regulator IC Positive Adjustable 0.8V 1 Output 3A SOT-563, SOT-666";"31-AP62301Z6-7CT-ND";"";"1";"";"";"0.4";"";"";"";"";"AP62301";"";
"1";"AP63300WU-7";"AP63300WU-7";"SOT23-6";"U4";"Buck Switching Regulator IC Positive Adjustable 0.8V 1 Output 3A SOT-23-6 Thin, TSOT-23-6";"31-AP63300WU-7CT-ND";"";"1";"";"";"0.84";"";"";"";"";"AP63300WU-7";"";
"2";"B360A-13-F";"B360A-13-F";"DO214AC";"D4, D5";"Schottky Rectifier, 60 V, 3 A, Single, DO-214AC, 2 Pins, 700 mV";"B360A-FDICT-ND";"";"2";"";"";"0.31";"";"";"";"";"B360A-13-F";"";
"4";"BSS214";"BSS214NWH6327XTSA1";"SC70-3";"Q6, Q7, Q8, Q9";"N-Channel 20 V 1.5A (Ta) 500mW (Ta) Surface Mount PG-SOT323";"BSS214NWH6327XTSA1CT-ND";"";"1.1";"";"";"0.4";"";"";"";"";"BSS214";"";
"1";"EMC1812T";"EMC1812T";"DFN8";"U25";"Temperature Sensor Digital, Remote 8-WDFN (2x2)";"EMC1812T-AE/RWCT-ND";"";"0.5";"";"";"0.52";"";"";"";"";"EMC1812T";"";
"1";"ESP32";"ESP32-WROOM-32D";"ESP32-WROOM-32D";"U14";"Bluetooth, WiFi 802.11b/g/n, Bluetooth v4.2 + EDR, Class 1, 2 and 3 Transceiver Module 2.4GHz ~ 2.5GHz Integrated, Trace Surface Mount";"1904-1023-1-ND";"";"5";"";"";"3.01";"";"";"";"";"ESP32";"";
"1";"FDN302P";"FDN302P";"SUPERSOT";"Q2";"MOSFET Transistor, P Channel, -2.4 A, -20 V, 55 mohm, -4.5 V, -1 V";"FDN302PCT-ND";"";"1";"";"";"0.41";"";"";"";"";"FDN302P";"";
"1";"FF0881SA1";"FF0881SA1";"CONN81_FF0881SA1_JAE";"CN4";"81 Position FPC Connector Contacts, Bottom 0.008" (0.20mm) Surface Mount, Right Angle";"670-2476-ND";"";"1";"";"";"2.6";"";"";"";"";"FF0881SA1";"";
"2";"GD25LQ128E";"GD25LQ128ESIGR";"SO8";"U12, U38";"FLASH - NOR Memory IC 128Mbit SPI - Quad I/O 120 MHz 7 ns 8-SOP";"1970-GD25LQ128ESIGRCT-ND";"";"2";"";"";"1.71";"";"";"";"";"GD25LQ128E";"";
"1";"GMAX0505-DV";"GMAX0505";"GMAX0505";"U1";"1.1" 25MP Global Shutter CMOS Image Sensor";"";"";"3.1";"";"";"300";"";"";"";"";"GMAX0505-DV";"";
"1";"INA180";"INA180A1IDBVR";"SOT23-5";"U16";"INA180 Low- and High-Side Voltage Output, Current-Sense Amplifiers";"296-47652-1-ND";"";"2";"";"";"0.44";"";"";"";"";"INA180";"";
"2";"LM2663";"LM2663D";"SO8";"U27, U29";"Low cost. SO8. LM266x switched capacitor negative voltage rail generator.";"LM2663MX/NOPBCT-ND";"";"1.5";"";"";"1.79";"";"";"";"";"LM2663";"";
"1";"LM2731X";"LM2731XMF";"SOT23-5";"U30";"LM2731XMF/NOPB  BOOST CONVERTER, 5-SOT-23";"LM2731XMF/NOPBCT-ND";"";"1.45";"";"";"1.65";"";"";"";"";"LM2731X";"";
"1";"MAX1735";"MAX1735EUK50+T";"SOT23-5";"U32";"Linear Voltage Regulator IC Negative Adjustable (Fixed) 1 Output  200mA SOT-23-5";"MAX1735EUK50+TCT-ND";"";"1";"";"";"2.20";"";"";"";"";"MAX1735";"";
"5";"MAX25300B";"MAX25300BATA/V+";"DFN8";"U13, U15, U20, U21, U22";"Linear Voltage Regulator IC Positive Adjustable 1 Output 0.6 to 5.3V Vout 500mA 8-TDFN-EP (2x2)";"175-MAX38902BATA+TCT-ND";"";"1";"";"";"0.6";"";"";"";"";"MAX25300B";"";
"1";"MIMXRT117HDVMAA";"MIMXRT117HDVMAA";"MAPBGA289";"U3";"ARM® Cortex®-M4, Cortex®-M7 RT1170 Microcontroller IC 32-Bit Dual-Core 400MHz, 1GHz 256KB (256K x 8) ROM 289-LFBGA (14x14)";"568-MIMXRT117HDVMAA-ND";"";"1.4";"";"";"22.97";"";"";"";"";"MIMXRT117HDVMAA";"";
"1";"MP2148";"MP2148GQD-Z";"QFN6";"U33";"Buck Switching Regulator IC Positive Adjustable 0.6V 1 Output 1A 6-VFDFN";"1589-1564-1-ND";"";"1";"";"";"1.33";"";"";"";"";"MP2148";"";
"1";"NAND";"SN74LVC1G132DCKT";"SC70-5";"U24";"NAND Gate IC 1 Channel Schmitt Trigger SC-70-5";"296-46208-1-ND";"";"1.1";"";"";"0.74";"";"";"";"";"NAND";"";
"8";"NO FIT";"ERJ-2RKF1001X";"0402";"R139, R143, R144, R147, R148, R149, R150, R151";"1000 1k0 0402 0.1W 1% thick film resistor.";"P1.00KLCT-ND";"";"0.4";"";"";"0.07";"";"";"";"";"1.0k";"";
"1";"NO FIT";"GRM188R61A106KE69D";"0603";"C159";"10uF 10V X5R 10% 0603 MLCC.";"490-10474-1-ND";"";"0.95";"";"";"0.17";"";"";"";"";"10uF 10V";"";
"2";"PESD5Z5.0";"PESD5Z5.0";"SC-79";"D1, D3";"Low capacitance unidirectional ElectroStatic Discharge (ESD) protection diode. 5V.";"1727-5165-1-ND";"";"0.5";"";"";"0.22";"";"";"";"";"PESD5Z5.0";"";
"2";"PMEG4010BEA";"PMEG4010BEA";"SOD-323";"D8, D10";"1A, 40V Schottkey rectifier. SOD323.";"1727-5211-1-ND";"";"1.2";"";"";"0.29";"";"";"";"";"PMEG4010BEA";"";
"1";"SCHMITT";"SN74LVC1G17DBVR";"SOT23-5";"U19";"TEXAS INSTRUMENTS SN74LVC1G17DBVR  IC, BUFFER, SCHMITT TRIG";"296-11933-1-ND";"";"1.5";"";"";"0.24";"";"";"";"";"SCHMITT";"";
"1";"SI7489DP";"SI7489DP-T1-E3";"SO8_POWERPAK";"Q5";"P Channel, -28A, -100V, 0.033 ohm, -10V, -3V";"SI7489DP-T1-E3CT-ND";"";"2";"";"";"2.16";"";"";"";"";"SI7489DP";"";
"1";"SN74LVC1G3";"SN74LVC1G32DBVR";"SOT23-5";"U23";"SN74LVC1G32DBVR  IC, OR-GATE, SINGLE 2-INPUT, 5SOT23";"296-9847-1-ND";"";"1";"";"";"0.157";"";"";"";"";"SN74LVC1G3";"";
"1";"STM32L431RBT";"STM32L431RBT6";"QFP64_SMALL";"U5";"ARM® Cortex®-M4 STM32L4 Microcontroller IC 32-Bit 80MHz 128KB (128K x 8) FLASH 64-LQFP (10x10)";"497-16837-ND";"";"1";"";"";"3.98";"";"";"";"";"STM32L431RBT";"";
"1";"STUSB4500";"STUSB4500QTR";"QFN24";"U9";"USB Controller USB 2.0 I²C Interface 24-QFN-EP (4x4)";"497-STUSB4500LQCT-ND";"";"1";"";"";"1.33";"";"";"";"";"STUSB4500";"";
"7";"TACT";"PTS830GM140_SMTR_LFS";"PTS830GM140";"SW1, SW2, SW3, SW4, SW5, SW6, SW7";"Tactile Switch SPST-NO Top Actuated Surface Mount";"CKN10587CT-ND";"";"1.4";"";"";"0.51";"";"";"";"";"TACT";"";
"1";"TLV61046A";"TLV61046ADBVR";"SOT23-6";"U36";"TLV61046A 28-V Output Voltage Boost Converter with Power Diode and Isolation Switch";"296-47674-1-ND";"";"1.5";"";"";"0.81";"";"";"";"";"TLV61046A";"";
"1";"TPS22917";"TPS22917DBVR";"SOT23-6";"U34";"TPS22917 1 V–5.5-V, 2-A, 80-mΩ Ultra-Low Leakage Load Switch";"296-50498-1-ND";"";"1.5";"";"";"0.43";"";"";"";"";"TPS22917";"";
"1";"TPS70912";"TPS70912DBVT";"SOT23-5";"U37";"TPS709xx 150-mA, 30-V, 1-µA IQ Voltage Regulators with Enable";"296-35481-1-ND";"";"1";"";"";"1.07";"";"";"";"";"TPS70912";"";
"1";"TPS70918";"TPS70918DBVT";"SOT23-5";"U8";"TPS709xx 150-mA, 30-V, 1-µA IQ Voltage Regulators with Enable";"296-35676-1-ND";"";"1";"";"";"0.92";"";"";"";"";"TPS70918";"";
"1";"TPS70933";"TPS70933DBVT";"SOT23-5";"U28";"Fixed LDO Voltage Regulator, 2.7V to 30V, 960mV Dropout, 3.3Vout, 150mAout, SOT-23-5";"296-39474-1-ND";"";"1";"";"";"1.00";"";"";"";"";"TPS70933";"";
"1";"TPS70950";"TPS70950DBVT";"SOT23-5";"U35";"LDO Voltage Regulator, Fixed, 2.7V to 30V input, 690 mV drop., 5 V/150 mA out, SOT-23-5";"296-37567-1-ND";"";"2";"";"";"1.21";"";"";"";"";"TPS70950";"";
"1";"Ti60F225C4";"TI60F225C4";"FBGA225";"U6";"Titanium™ Field Programmable Gate Array (FPGA) IC 163 2726298 62016 225-BGA";"2134-TI60F225C4-ND";"";"1";"";"";"24.27";"";"";"";"";"Ti60F225C4";"";
"1";"USBLC6-2SC6";"USBLC6-2SC6";"SOT23-6";"U31";"Very low capacitance ESD protection";"497-11882-1-ND";"";"1.5";"";"";"0.38";"";"";"";"";"USBLC6-2SC6";"";
"2";"W958D8NBYA5I";"W958D8NBYA5I";"VBGA24";"U10, U11";"PSRAM (Pseudo SRAM) Memory IC 256Mbit HyperBus 200 MHz 35 ns 24-TFBGA (6x8)";"256-W958D8NBYA5ITRCT-ND";"";"2";"";"";"3.73";"";"";"";"";"W958D8NBYA5I";"";
"4";"WHITE";"B1931TW--20P000314U1930";"0603_POLAR";"D6, D7, D9, D13";"White LED Indication - Discrete 3.2V 0603 (1608 Metric)";"3147-B1931TW--20P000314U1930CT-ND";"";"1";"";"";"0.08";"";"";"";"";"WHITE";"";
